"연령층별(1)","시간대별(1)","월별(1)",2021,2021
"연령층별(1)","시간대별(1)","월별(1)",사망자수 (명),부상자수 (명)
"12세이하","00시-02시","전체",0,86
"12세이하","00시-02시","1월",0,3
"12세이하","00시-02시","2월",0,14
"12세이하","00시-02시","3월",0,9
"12세이하","00시-02시","4월",0,5
"12세이하","00시-02시","5월",0,14
"12세이하","00시-02시","6월",0,7
"12세이하","00시-02시","7월",0,9
"12세이하","00시-02시","8월",0,4
"12세이하","00시-02시","9월",0,7
"12세이하","00시-02시","10월",0,6
"12세이하","00시-02시","11월",0,3
"12세이하","00시-02시","12월",0,5
"12세이하","02시-04시","전체",0,33
"12세이하","02시-04시","1월",0,1
"12세이하","02시-04시","2월",0,3
"12세이하","02시-04시","3월",0,1
"12세이하","02시-04시","4월",0,6
"12세이하","02시-04시","5월",0,2
"12세이하","02시-04시","6월",0,3
"12세이하","02시-04시","7월",0,2
"12세이하","02시-04시","8월",0,6
"12세이하","02시-04시","9월",0,4
"12세이하","02시-04시","10월",0,3
"12세이하","02시-04시","12월",0,2
"12세이하","04시-06시","전체",0,27
"12세이하","04시-06시","1월",0,2
"12세이하","04시-06시","3월",0,2
"12세이하","04시-06시","4월",0,1
"12세이하","04시-06시","5월",0,3
"12세이하","04시-06시","6월",0,4
"12세이하","04시-06시","7월",0,3
"12세이하","04시-06시","8월",0,3
"12세이하","04시-06시","9월",0,3
"12세이하","04시-06시","10월",0,2
"12세이하","04시-06시","11월",0,2
"12세이하","04시-06시","12월",0,2
"12세이하","06시-08시","전체",1,110
"12세이하","06시-08시","1월",0,1
"12세이하","06시-08시","2월",0,5
"12세이하","06시-08시","3월",0,4
"12세이하","06시-08시","4월",0,14
"12세이하","06시-08시","5월",0,16
"12세이하","06시-08시","6월",0,11
"12세이하","06시-08시","7월",0,10
"12세이하","06시-08시","8월",1,8
"12세이하","06시-08시","9월",0,14
"12세이하","06시-08시","10월",0,13
"12세이하","06시-08시","11월",0,9
"12세이하","06시-08시","12월",0,5
"12세이하","08시-10시","전체",2,963
"12세이하","08시-10시","1월",0,39
"12세이하","08시-10시","2월",0,52
"12세이하","08시-10시","3월",1,69
"12세이하","08시-10시","4월",0,83
"12세이하","08시-10시","5월",0,117
"12세이하","08시-10시","6월",0,85
"12세이하","08시-10시","7월",0,86
"12세이하","08시-10시","8월",0,65
"12세이하","08시-10시","9월",0,82
"12세이하","08시-10시","10월",0,86
"12세이하","08시-10시","11월",0,113
"12세이하","08시-10시","12월",1,86
"12세이하","10시-12시","전체",1,912
"12세이하","10시-12시","1월",0,61
"12세이하","10시-12시","2월",1,48
"12세이하","10시-12시","3월",0,55
"12세이하","10시-12시","4월",0,71
"12세이하","10시-12시","5월",0,103
"12세이하","10시-12시","6월",0,95
"12세이하","10시-12시","7월",0,91
"12세이하","10시-12시","8월",0,100
"12세이하","10시-12시","9월",0,104
"12세이하","10시-12시","10월",0,68
"12세이하","10시-12시","11월",0,63
"12세이하","10시-12시","12월",0,53
"12세이하","12시-14시","전체",4,1450
"12세이하","12시-14시","1월",0,90
"12세이하","12시-14시","2월",0,103
"12세이하","12시-14시","3월",1,76
"12세이하","12시-14시","4월",0,112
"12세이하","12시-14시","5월",0,147
"12세이하","12시-14시","6월",1,140
"12세이하","12시-14시","7월",0,182
"12세이하","12시-14시","8월",0,141
"12세이하","12시-14시","9월",0,142
"12세이하","12시-14시","10월",0,117
"12세이하","12시-14시","11월",0,106
"12세이하","12시-14시","12월",2,94
"12세이하","14시-16시","전체",8,2131
"12세이하","14시-16시","1월",0,104
"12세이하","14시-16시","2월",0,131
"12세이하","14시-16시","3월",1,187
"12세이하","14시-16시","4월",1,189
"12세이하","14시-16시","5월",1,229
"12세이하","14시-16시","6월",0,222
"12세이하","14시-16시","7월",1,188
"12세이하","14시-16시","8월",0,192
"12세이하","14시-16시","9월",0,192
"12세이하","14시-16시","10월",2,174
"12세이하","14시-16시","11월",1,182
"12세이하","14시-16시","12월",1,141
"12세이하","16시-18시","전체",1,2494
"12세이하","16시-18시","1월",0,116
"12세이하","16시-18시","2월",0,154
"12세이하","16시-18시","3월",0,202
"12세이하","16시-18시","4월",0,270
"12세이하","16시-18시","5월",1,221
"12세이하","16시-18시","6월",0,243
"12세이하","16시-18시","7월",0,240
"12세이하","16시-18시","8월",0,192
"12세이하","16시-18시","9월",0,256
"12세이하","16시-18시","10월",0,228
"12세이하","16시-18시","11월",0,197
"12세이하","16시-18시","12월",0,175
"12세이하","18시-20시","전체",2,1655
"12세이하","18시-20시","1월",0,98
"12세이하","18시-20시","2월",1,121
"12세이하","18시-20시","3월",0,146
"12세이하","18시-20시","4월",0,146
"12세이하","18시-20시","5월",0,124
"12세이하","18시-20시","6월",1,152
"12세이하","18시-20시","7월",0,161
"12세이하","18시-20시","8월",0,101
"12세이하","18시-20시","9월",0,140
"12세이하","18시-20시","10월",0,204
"12세이하","18시-20시","11월",0,141
"12세이하","18시-20시","12월",0,121
"12세이하","20시-22시","전체",3,834
"12세이하","20시-22시","1월",0,50
"12세이하","20시-22시","2월",0,68
"12세이하","20시-22시","3월",0,81
"12세이하","20시-22시","4월",0,63
"12세이하","20시-22시","5월",0,72
"12세이하","20시-22시","6월",0,80
"12세이하","20시-22시","7월",1,74
"12세이하","20시-22시","8월",1,83
"12세이하","20시-22시","9월",0,94
"12세이하","20시-22시","10월",0,57
"12세이하","20시-22시","11월",1,59
"12세이하","20시-22시","12월",0,53
"12세이하","22시-24시","전체",1,283
"12세이하","22시-24시","1월",0,16
"12세이하","22시-24시","2월",0,28
"12세이하","22시-24시","3월",0,22
"12세이하","22시-24시","4월",0,29
"12세이하","22시-24시","5월",0,20
"12세이하","22시-24시","6월",0,33
"12세이하","22시-24시","7월",0,20
"12세이하","22시-24시","8월",0,28
"12세이하","22시-24시","9월",0,26
"12세이하","22시-24시","10월",0,31
"12세이하","22시-24시","11월",1,12
"12세이하","22시-24시","12월",0,18
"13-20세","00시-02시","전체",8,744
"13-20세","00시-02시","1월",0,35
"13-20세","00시-02시","2월",0,55
"13-20세","00시-02시","3월",0,61
"13-20세","00시-02시","4월",0,68
"13-20세","00시-02시","5월",2,54
"13-20세","00시-02시","6월",0,80
"13-20세","00시-02시","7월",1,71
"13-20세","00시-02시","8월",1,62
"13-20세","00시-02시","9월",1,68
"13-20세","00시-02시","10월",1,60
"13-20세","00시-02시","11월",1,75
"13-20세","00시-02시","12월",1,55
"13-20세","02시-04시","전체",16,426
"13-20세","02시-04시","1월",0,18
"13-20세","02시-04시","2월",4,36
"13-20세","02시-04시","3월",1,40
"13-20세","02시-04시","4월",0,21
"13-20세","02시-04시","5월",0,56
"13-20세","02시-04시","6월",0,42
"13-20세","02시-04시","7월",1,45
"13-20세","02시-04시","8월",2,56
"13-20세","02시-04시","9월",4,31
"13-20세","02시-04시","10월",3,28
"13-20세","02시-04시","11월",0,38
"13-20세","02시-04시","12월",1,15
"13-20세","04시-06시","전체",12,286
"13-20세","04시-06시","1월",0,10
"13-20세","04시-06시","2월",2,10
"13-20세","04시-06시","3월",0,23
"13-20세","04시-06시","4월",2,36
"13-20세","04시-06시","5월",1,30
"13-20세","04시-06시","6월",3,30
"13-20세","04시-06시","7월",4,34
"13-20세","04시-06시","8월",0,24
"13-20세","04시-06시","9월",0,24
"13-20세","04시-06시","10월",0,32
"13-20세","04시-06시","11월",0,24
"13-20세","04시-06시","12월",0,9
"13-20세","06시-08시","전체",4,454
"13-20세","06시-08시","1월",0,34
"13-20세","06시-08시","2월",0,17
"13-20세","06시-08시","3월",0,42
"13-20세","06시-08시","4월",0,40
"13-20세","06시-08시","5월",0,37
"13-20세","06시-08시","6월",1,47
"13-20세","06시-08시","7월",0,37
"13-20세","06시-08시","8월",0,41
"13-20세","06시-08시","9월",0,37
"13-20세","06시-08시","10월",1,36
"13-20세","06시-08시","11월",1,54
"13-20세","06시-08시","12월",1,32
"13-20세","08시-10시","전체",7,1060
"13-20세","08시-10시","1월",1,54
"13-20세","08시-10시","2월",0,46
"13-20세","08시-10시","3월",0,94
"13-20세","08시-10시","4월",4,100
"13-20세","08시-10시","5월",0,85
"13-20세","08시-10시","6월",0,113
"13-20세","08시-10시","7월",0,97
"13-20세","08시-10시","8월",0,59
"13-20세","08시-10시","9월",1,80
"13-20세","08시-10시","10월",0,106
"13-20세","08시-10시","11월",1,116
"13-20세","08시-10시","12월",0,110
"13-20세","10시-12시","전체",3,849
"13-20세","10시-12시","1월",1,60
"13-20세","10시-12시","2월",0,67
"13-20세","10시-12시","3월",0,56
"13-20세","10시-12시","4월",0,74
"13-20세","10시-12시","5월",0,90
"13-20세","10시-12시","6월",0,70
"13-20세","10시-12시","7월",0,93
"13-20세","10시-12시","8월",2,81
"13-20세","10시-12시","9월",0,69
"13-20세","10시-12시","10월",0,57
"13-20세","10시-12시","11월",0,64
"13-20세","10시-12시","12월",0,68
"13-20세","12시-14시","전체",3,1371
"13-20세","12시-14시","1월",0,100
"13-20세","12시-14시","2월",1,121
"13-20세","12시-14시","3월",0,120
"13-20세","12시-14시","4월",0,122
"13-20세","12시-14시","5월",0,143
"13-20세","12시-14시","6월",0,120
"13-20세","12시-14시","7월",1,128
"13-20세","12시-14시","8월",0,119
"13-20세","12시-14시","9월",0,105
"13-20세","12시-14시","10월",0,108
"13-20세","12시-14시","11월",1,85
"13-20세","12시-14시","12월",0,100
"13-20세","14시-16시","전체",3,1511
"13-20세","14시-16시","1월",0,93
"13-20세","14시-16시","2월",0,114
"13-20세","14시-16시","3월",0,131
"13-20세","14시-16시","4월",0,132
"13-20세","14시-16시","5월",0,141
"13-20세","14시-16시","6월",1,130
"13-20세","14시-16시","7월",1,149
"13-20세","14시-16시","8월",0,159
"13-20세","14시-16시","9월",0,141
"13-20세","14시-16시","10월",0,110
"13-20세","14시-16시","11월",1,103
"13-20세","14시-16시","12월",0,108
"13-20세","16시-18시","전체",4,2221
"13-20세","16시-18시","1월",0,150
"13-20세","16시-18시","2월",1,157
"13-20세","16시-18시","3월",0,180
"13-20세","16시-18시","4월",1,223
"13-20세","16시-18시","5월",0,204
"13-20세","16시-18시","6월",0,218
"13-20세","16시-18시","7월",0,182
"13-20세","16시-18시","8월",0,184
"13-20세","16시-18시","9월",0,186
"13-20세","16시-18시","10월",1,174
"13-20세","16시-18시","11월",1,195
"13-20세","16시-18시","12월",0,168
"13-20세","18시-20시","전체",4,2481
"13-20세","18시-20시","1월",0,183
"13-20세","18시-20시","2월",0,202
"13-20세","18시-20시","3월",0,201
"13-20세","18시-20시","4월",0,250
"13-20세","18시-20시","5월",1,202
"13-20세","18시-20시","6월",0,185
"13-20세","18시-20시","7월",0,217
"13-20세","18시-20시","8월",0,182
"13-20세","18시-20시","9월",1,189
"13-20세","18시-20시","10월",0,263
"13-20세","18시-20시","11월",1,207
"13-20세","18시-20시","12월",1,200
"13-20세","20시-22시","전체",13,2005
"13-20세","20시-22시","1월",1,211
"13-20세","20시-22시","2월",2,155
"13-20세","20시-22시","3월",0,160
"13-20세","20시-22시","4월",4,182
"13-20세","20시-22시","5월",0,167
"13-20세","20시-22시","6월",1,157
"13-20세","20시-22시","7월",0,157
"13-20세","20시-22시","8월",2,183
"13-20세","20시-22시","9월",0,146
"13-20세","20시-22시","10월",2,168
"13-20세","20시-22시","11월",0,155
"13-20세","20시-22시","12월",1,164
"13-20세","22시-24시","전체",16,1695
"13-20세","22시-24시","1월",0,91
"13-20세","22시-24시","2월",1,146
"13-20세","22시-24시","3월",0,143
"13-20세","22시-24시","4월",2,154
"13-20세","22시-24시","5월",1,152
"13-20세","22시-24시","6월",1,170
"13-20세","22시-24시","7월",1,143
"13-20세","22시-24시","8월",1,159
"13-20세","22시-24시","9월",3,143
"13-20세","22시-24시","10월",2,152
"13-20세","22시-24시","11월",1,119
"13-20세","22시-24시","12월",3,123
"21-30세","00시-02시","전체",61,2623
"21-30세","00시-02시","1월",3,142
"21-30세","00시-02시","2월",5,173
"21-30세","00시-02시","3월",4,228
"21-30세","00시-02시","4월",7,198
"21-30세","00시-02시","5월",3,216
"21-30세","00시-02시","6월",4,204
"21-30세","00시-02시","7월",1,266
"21-30세","00시-02시","8월",4,184
"21-30세","00시-02시","9월",8,188
"21-30세","00시-02시","10월",9,233
"21-30세","00시-02시","11월",6,342
"21-30세","00시-02시","12월",7,249
"21-30세","02시-04시","전체",38,1194
"21-30세","02시-04시","1월",3,62
"21-30세","02시-04시","2월",0,76
"21-30세","02시-04시","3월",2,97
"21-30세","02시-04시","4월",1,92
"21-30세","02시-04시","5월",5,122
"21-30세","02시-04시","6월",4,113
"21-30세","02시-04시","7월",5,103
"21-30세","02시-04시","8월",5,94
"21-30세","02시-04시","9월",2,74
"21-30세","02시-04시","10월",5,88
"21-30세","02시-04시","11월",5,177
"21-30세","02시-04시","12월",1,96
"21-30세","04시-06시","전체",19,871
"21-30세","04시-06시","1월",0,40
"21-30세","04시-06시","2월",1,45
"21-30세","04시-06시","3월",2,72
"21-30세","04시-06시","4월",2,82
"21-30세","04시-06시","5월",1,99
"21-30세","04시-06시","6월",4,73
"21-30세","04시-06시","7월",3,85
"21-30세","04시-06시","8월",0,53
"21-30세","04시-06시","9월",1,70
"21-30세","04시-06시","10월",0,66
"21-30세","04시-06시","11월",2,112
"21-30세","04시-06시","12월",3,74
"21-30세","06시-08시","전체",17,1941
"21-30세","06시-08시","1월",1,152
"21-30세","06시-08시","2월",0,119
"21-30세","06시-08시","3월",2,192
"21-30세","06시-08시","4월",1,189
"21-30세","06시-08시","5월",1,157
"21-30세","06시-08시","6월",0,181
"21-30세","06시-08시","7월",2,134
"21-30세","06시-08시","8월",4,132
"21-30세","06시-08시","9월",1,137
"21-30세","06시-08시","10월",3,154
"21-30세","06시-08시","11월",1,218
"21-30세","06시-08시","12월",1,176
"21-30세","08시-10시","전체",11,4141
"21-30세","08시-10시","1월",1,340
"21-30세","08시-10시","2월",3,308
"21-30세","08시-10시","3월",1,367
"21-30세","08시-10시","4월",0,341
"21-30세","08시-10시","5월",2,294
"21-30세","08시-10시","6월",0,376
"21-30세","08시-10시","7월",2,400
"21-30세","08시-10시","8월",0,347
"21-30세","08시-10시","9월",1,325
"21-30세","08시-10시","10월",0,356
"21-30세","08시-10시","11월",0,366
"21-30세","08시-10시","12월",1,321
"21-30세","10시-12시","전체",10,4041
"21-30세","10시-12시","1월",0,322
"21-30세","10시-12시","2월",0,249
"21-30세","10시-12시","3월",0,310
"21-30세","10시-12시","4월",0,343
"21-30세","10시-12시","5월",0,349
"21-30세","10시-12시","6월",1,337
"21-30세","10시-12시","7월",1,386
"21-30세","10시-12시","8월",3,382
"21-30세","10시-12시","9월",1,343
"21-30세","10시-12시","10월",0,350
"21-30세","10시-12시","11월",1,371
"21-30세","10시-12시","12월",3,299
"21-30세","12시-14시","전체",13,5514
"21-30세","12시-14시","1월",1,381
"21-30세","12시-14시","2월",2,389
"21-30세","12시-14시","3월",1,425
"21-30세","12시-14시","4월",0,511
"21-30세","12시-14시","5월",2,479
"21-30세","12시-14시","6월",1,472
"21-30세","12시-14시","7월",2,530
"21-30세","12시-14시","8월",0,499
"21-30세","12시-14시","9월",2,480
"21-30세","12시-14시","10월",0,433
"21-30세","12시-14시","11월",2,440
"21-30세","12시-14시","12월",0,475
"21-30세","14시-16시","전체",16,5834
"21-30세","14시-16시","1월",0,406
"21-30세","14시-16시","2월",0,460
"21-30세","14시-16시","3월",1,473
"21-30세","14시-16시","4월",1,460
"21-30세","14시-16시","5월",3,539
"21-30세","14시-16시","6월",2,525
"21-30세","14시-16시","7월",2,526
"21-30세","14시-16시","8월",0,507
"21-30세","14시-16시","9월",1,497
"21-30세","14시-16시","10월",3,505
"21-30세","14시-16시","11월",3,445
"21-30세","14시-16시","12월",0,491
"21-30세","16시-18시","전체",14,6832
"21-30세","16시-18시","1월",1,468
"21-30세","16시-18시","2월",1,531
"21-30세","16시-18시","3월",0,517
"21-30세","16시-18시","4월",2,613
"21-30세","16시-18시","5월",3,603
"21-30세","16시-18시","6월",1,627
"21-30세","16시-18시","7월",1,649
"21-30세","16시-18시","8월",0,552
"21-30세","16시-18시","9월",1,590
"21-30세","16시-18시","10월",2,563
"21-30세","16시-18시","11월",2,547
"21-30세","16시-18시","12월",0,572
"21-30세","18시-20시","전체",16,9113
"21-30세","18시-20시","1월",0,842
"21-30세","18시-20시","2월",1,690
"21-30세","18시-20시","3월",1,760
"21-30세","18시-20시","4월",2,742
"21-30세","18시-20시","5월",2,673
"21-30세","18시-20시","6월",0,631
"21-30세","18시-20시","7월",0,774
"21-30세","18시-20시","8월",1,711
"21-30세","18시-20시","9월",2,693
"21-30세","18시-20시","10월",3,924
"21-30세","18시-20시","11월",3,854
"21-30세","18시-20시","12월",1,819
"21-30세","20시-22시","전체",24,6903
"21-30세","20시-22시","1월",3,699
"21-30세","20시-22시","2월",4,611
"21-30세","20시-22시","3월",0,565
"21-30세","20시-22시","4월",5,589
"21-30세","20시-22시","5월",1,557
"21-30세","20시-22시","6월",0,545
"21-30세","20시-22시","7월",0,596
"21-30세","20시-22시","8월",5,606
"21-30세","20시-22시","9월",2,494
"21-30세","20시-22시","10월",3,516
"21-30세","20시-22시","11월",0,503
"21-30세","20시-22시","12월",1,622
"21-30세","22시-24시","전체",30,5823
"21-30세","22시-24시","1월",4,308
"21-30세","22시-24시","2월",1,427
"21-30세","22시-24시","3월",1,505
"21-30세","22시-24시","4월",2,518
"21-30세","22시-24시","5월",2,518
"21-30세","22시-24시","6월",4,588
"21-30세","22시-24시","7월",0,555
"21-30세","22시-24시","8월",3,483
"21-30세","22시-24시","9월",1,500
"21-30세","22시-24시","10월",6,621
"21-30세","22시-24시","11월",3,427
"21-30세","22시-24시","12월",3,373
"31-40세","00시-02시","전체",22,1647
"31-40세","00시-02시","1월",1,83
"31-40세","00시-02시","2월",0,123
"31-40세","00시-02시","3월",2,153
"31-40세","00시-02시","4월",1,142
"31-40세","00시-02시","5월",1,161
"31-40세","00시-02시","6월",5,147
"31-40세","00시-02시","7월",2,181
"31-40세","00시-02시","8월",3,95
"31-40세","00시-02시","9월",2,96
"31-40세","00시-02시","10월",3,120
"31-40세","00시-02시","11월",2,187
"31-40세","00시-02시","12월",0,159
"31-40세","02시-04시","전체",24,662
"31-40세","02시-04시","1월",0,30
"31-40세","02시-04시","2월",2,37
"31-40세","02시-04시","3월",5,59
"31-40세","02시-04시","4월",1,63
"31-40세","02시-04시","5월",1,66
"31-40세","02시-04시","6월",2,66
"31-40세","02시-04시","7월",2,61
"31-40세","02시-04시","8월",2,47
"31-40세","02시-04시","9월",2,49
"31-40세","02시-04시","10월",1,44
"31-40세","02시-04시","11월",3,88
"31-40세","02시-04시","12월",3,52
"31-40세","04시-06시","전체",15,658
"31-40세","04시-06시","1월",0,40
"31-40세","04시-06시","2월",0,41
"31-40세","04시-06시","3월",1,63
"31-40세","04시-06시","4월",2,68
"31-40세","04시-06시","5월",3,67
"31-40세","04시-06시","6월",1,49
"31-40세","04시-06시","7월",0,50
"31-40세","04시-06시","8월",1,39
"31-40세","04시-06시","9월",1,45
"31-40세","04시-06시","10월",1,68
"31-40세","04시-06시","11월",3,56
"31-40세","04시-06시","12월",2,72
"31-40세","06시-08시","전체",13,2330
"31-40세","06시-08시","1월",2,170
"31-40세","06시-08시","2월",2,150
"31-40세","06시-08시","3월",0,211
"31-40세","06시-08시","4월",0,227
"31-40세","06시-08시","5월",0,191
"31-40세","06시-08시","6월",0,204
"31-40세","06시-08시","7월",0,194
"31-40세","06시-08시","8월",0,154
"31-40세","06시-08시","9월",1,183
"31-40세","06시-08시","10월",0,165
"31-40세","06시-08시","11월",4,229
"31-40세","06시-08시","12월",4,252
"31-40세","08시-10시","전체",20,4920
"31-40세","08시-10시","1월",1,352
"31-40세","08시-10시","2월",5,326
"31-40세","08시-10시","3월",0,428
"31-40세","08시-10시","4월",2,464
"31-40세","08시-10시","5월",1,419
"31-40세","08시-10시","6월",1,459
"31-40세","08시-10시","7월",2,438
"31-40세","08시-10시","8월",4,379
"31-40세","08시-10시","9월",2,414
"31-40세","08시-10시","10월",1,428
"31-40세","08시-10시","11월",0,436
"31-40세","08시-10시","12월",1,377
"31-40세","10시-12시","전체",17,5037
"31-40세","10시-12시","1월",2,400
"31-40세","10시-12시","2월",0,372
"31-40세","10시-12시","3월",1,396
"31-40세","10시-12시","4월",1,401
"31-40세","10시-12시","5월",0,423
"31-40세","10시-12시","6월",3,478
"31-40세","10시-12시","7월",1,456
"31-40세","10시-12시","8월",0,437
"31-40세","10시-12시","9월",3,455
"31-40세","10시-12시","10월",2,435
"31-40세","10시-12시","11월",3,427
"31-40세","10시-12시","12월",1,357
"31-40세","12시-14시","전체",16,6020
"31-40세","12시-14시","1월",1,446
"31-40세","12시-14시","2월",0,448
"31-40세","12시-14시","3월",0,470
"31-40세","12시-14시","4월",3,481
"31-40세","12시-14시","5월",1,559
"31-40세","12시-14시","6월",2,520
"31-40세","12시-14시","7월",0,543
"31-40세","12시-14시","8월",3,522
"31-40세","12시-14시","9월",3,523
"31-40세","12시-14시","10월",2,538
"31-40세","12시-14시","11월",0,510
"31-40세","12시-14시","12월",1,460
"31-40세","14시-16시","전체",11,6178
"31-40세","14시-16시","1월",1,415
"31-40세","14시-16시","2월",1,458
"31-40세","14시-16시","3월",1,506
"31-40세","14시-16시","4월",1,515
"31-40세","14시-16시","5월",2,622
"31-40세","14시-16시","6월",1,530
"31-40세","14시-16시","7월",1,548
"31-40세","14시-16시","8월",0,561
"31-40세","14시-16시","9월",1,519
"31-40세","14시-16시","10월",2,565
"31-40세","14시-16시","11월",0,481
"31-40세","14시-16시","12월",0,458
"31-40세","16시-18시","전체",15,6892
"31-40세","16시-18시","1월",0,500
"31-40세","16시-18시","2월",1,471
"31-40세","16시-18시","3월",1,537
"31-40세","16시-18시","4월",1,601
"31-40세","16시-18시","5월",3,620
"31-40세","16시-18시","6월",0,558
"31-40세","16시-18시","7월",1,653
"31-40세","16시-18시","8월",2,552
"31-40세","16시-18시","9월",2,657
"31-40세","16시-18시","10월",3,590
"31-40세","16시-18시","11월",0,588
"31-40세","16시-18시","12월",1,565
"31-40세","18시-20시","전체",14,7925
"31-40세","18시-20시","1월",0,722
"31-40세","18시-20시","2월",0,632
"31-40세","18시-20시","3월",1,616
"31-40세","18시-20시","4월",1,671
"31-40세","18시-20시","5월",0,572
"31-40세","18시-20시","6월",2,571
"31-40세","18시-20시","7월",0,643
"31-40세","18시-20시","8월",1,603
"31-40세","18시-20시","9월",1,638
"31-40세","18시-20시","10월",3,813
"31-40세","18시-20시","11월",2,700
"31-40세","18시-20시","12월",3,744
"31-40세","20시-22시","전체",20,5542
"31-40세","20시-22시","1월",2,561
"31-40세","20시-22시","2월",1,469
"31-40세","20시-22시","3월",1,461
"31-40세","20시-22시","4월",2,492
"31-40세","20시-22시","5월",1,468
"31-40세","20시-22시","6월",3,422
"31-40세","20시-22시","7월",1,481
"31-40세","20시-22시","8월",3,515
"31-40세","20시-22시","9월",0,418
"31-40세","20시-22시","10월",1,382
"31-40세","20시-22시","11월",2,402
"31-40세","20시-22시","12월",3,471
"31-40세","22시-24시","전체",36,4057
"31-40세","22시-24시","1월",2,251
"31-40세","22시-24시","2월",6,317
"31-40세","22시-24시","3월",1,383
"31-40세","22시-24시","4월",2,389
"31-40세","22시-24시","5월",5,343
"31-40세","22시-24시","6월",1,402
"31-40세","22시-24시","7월",1,329
"31-40세","22시-24시","8월",3,309
"31-40세","22시-24시","9월",3,308
"31-40세","22시-24시","10월",4,409
"31-40세","22시-24시","11월",2,343
"31-40세","22시-24시","12월",6,274
"41-50세","00시-02시","전체",25,1400
"41-50세","00시-02시","1월",1,76
"41-50세","00시-02시","2월",1,78
"41-50세","00시-02시","3월",1,129
"41-50세","00시-02시","4월",0,124
"41-50세","00시-02시","5월",2,135
"41-50세","00시-02시","6월",5,128
"41-50세","00시-02시","7월",4,143
"41-50세","00시-02시","8월",2,96
"41-50세","00시-02시","9월",3,89
"41-50세","00시-02시","10월",0,110
"41-50세","00시-02시","11월",2,159
"41-50세","00시-02시","12월",4,133
"41-50세","02시-04시","전체",13,613
"41-50세","02시-04시","1월",0,37
"41-50세","02시-04시","2월",1,47
"41-50세","02시-04시","3월",0,55
"41-50세","02시-04시","4월",1,59
"41-50세","02시-04시","5월",2,72
"41-50세","02시-04시","6월",0,48
"41-50세","02시-04시","7월",2,58
"41-50세","02시-04시","8월",1,32
"41-50세","02시-04시","9월",1,46
"41-50세","02시-04시","10월",2,31
"41-50세","02시-04시","11월",1,77
"41-50세","02시-04시","12월",2,51
"41-50세","04시-06시","전체",16,805
"41-50세","04시-06시","1월",1,48
"41-50세","04시-06시","2월",1,53
"41-50세","04시-06시","3월",1,78
"41-50세","04시-06시","4월",0,71
"41-50세","04시-06시","5월",0,77
"41-50세","04시-06시","6월",3,49
"41-50세","04시-06시","7월",2,65
"41-50세","04시-06시","8월",3,67
"41-50세","04시-06시","9월",2,63
"41-50세","04시-06시","10월",2,70
"41-50세","04시-06시","11월",0,70
"41-50세","04시-06시","12월",1,94
"41-50세","06시-08시","전체",27,2808
"41-50세","06시-08시","1월",5,211
"41-50세","06시-08시","2월",1,202
"41-50세","06시-08시","3월",2,221
"41-50세","06시-08시","4월",1,255
"41-50세","06시-08시","5월",0,233
"41-50세","06시-08시","6월",1,252
"41-50세","06시-08시","7월",2,216
"41-50세","06시-08시","8월",2,195
"41-50세","06시-08시","9월",2,201
"41-50세","06시-08시","10월",2,236
"41-50세","06시-08시","11월",4,294
"41-50세","06시-08시","12월",5,292
"41-50세","08시-10시","전체",27,5093
"41-50세","08시-10시","1월",4,406
"41-50세","08시-10시","2월",5,320
"41-50세","08시-10시","3월",1,409
"41-50세","08시-10시","4월",1,458
"41-50세","08시-10시","5월",3,413
"41-50세","08시-10시","6월",2,440
"41-50세","08시-10시","7월",3,439
"41-50세","08시-10시","8월",0,383
"41-50세","08시-10시","9월",0,416
"41-50세","08시-10시","10월",2,465
"41-50세","08시-10시","11월",2,463
"41-50세","08시-10시","12월",4,481
"41-50세","10시-12시","전체",19,4997
"41-50세","10시-12시","1월",1,358
"41-50세","10시-12시","2월",1,344
"41-50세","10시-12시","3월",0,370
"41-50세","10시-12시","4월",2,389
"41-50세","10시-12시","5월",3,426
"41-50세","10시-12시","6월",3,427
"41-50세","10시-12시","7월",2,482
"41-50세","10시-12시","8월",1,437
"41-50세","10시-12시","9월",0,474
"41-50세","10시-12시","10월",3,457
"41-50세","10시-12시","11월",2,422
"41-50세","10시-12시","12월",1,411
"41-50세","12시-14시","전체",20,5953
"41-50세","12시-14시","1월",0,440
"41-50세","12시-14시","2월",0,446
"41-50세","12시-14시","3월",2,459
"41-50세","12시-14시","4월",2,513
"41-50세","12시-14시","5월",2,548
"41-50세","12시-14시","6월",1,497
"41-50세","12시-14시","7월",4,564
"41-50세","12시-14시","8월",4,553
"41-50세","12시-14시","9월",1,501
"41-50세","12시-14시","10월",2,563
"41-50세","12시-14시","11월",1,453
"41-50세","12시-14시","12월",1,416
"41-50세","14시-16시","전체",27,6197
"41-50세","14시-16시","1월",2,479
"41-50세","14시-16시","2월",2,505
"41-50세","14시-16시","3월",3,489
"41-50세","14시-16시","4월",4,498
"41-50세","14시-16시","5월",3,536
"41-50세","14시-16시","6월",2,524
"41-50세","14시-16시","7월",1,593
"41-50세","14시-16시","8월",3,498
"41-50세","14시-16시","9월",2,558
"41-50세","14시-16시","10월",2,550
"41-50세","14시-16시","11월",2,484
"41-50세","14시-16시","12월",1,483
"41-50세","16시-18시","전체",21,6615
"41-50세","16시-18시","1월",1,459
"41-50세","16시-18시","2월",2,486
"41-50세","16시-18시","3월",1,556
"41-50세","16시-18시","4월",2,548
"41-50세","16시-18시","5월",1,601
"41-50세","16시-18시","6월",0,599
"41-50세","16시-18시","7월",0,572
"41-50세","16시-18시","8월",3,563
"41-50세","16시-18시","9월",2,544
"41-50세","16시-18시","10월",2,521
"41-50세","16시-18시","11월",4,590
"41-50세","16시-18시","12월",3,576
"41-50세","18시-20시","전체",23,7184
"41-50세","18시-20시","1월",3,676
"41-50세","18시-20시","2월",2,538
"41-50세","18시-20시","3월",3,578
"41-50세","18시-20시","4월",0,557
"41-50세","18시-20시","5월",3,519
"41-50세","18시-20시","6월",2,505
"41-50세","18시-20시","7월",1,576
"41-50세","18시-20시","8월",0,539
"41-50세","18시-20시","9월",1,563
"41-50세","18시-20시","10월",0,776
"41-50세","18시-20시","11월",5,696
"41-50세","18시-20시","12월",3,661
"41-50세","20시-22시","전체",52,5159
"41-50세","20시-22시","1월",5,532
"41-50세","20시-22시","2월",4,440
"41-50세","20시-22시","3월",1,408
"41-50세","20시-22시","4월",4,422
"41-50세","20시-22시","5월",5,420
"41-50세","20시-22시","6월",2,405
"41-50세","20시-22시","7월",6,444
"41-50세","20시-22시","8월",7,440
"41-50세","20시-22시","9월",3,412
"41-50세","20시-22시","10월",7,400
"41-50세","20시-22시","11월",2,385
"41-50세","20시-22시","12월",6,451
"41-50세","22시-24시","전체",44,3729
"41-50세","22시-24시","1월",4,222
"41-50세","22시-24시","2월",1,319
"41-50세","22시-24시","3월",2,349
"41-50세","22시-24시","4월",3,361
"41-50세","22시-24시","5월",3,328
"41-50세","22시-24시","6월",4,339
"41-50세","22시-24시","7월",2,322
"41-50세","22시-24시","8월",5,261
"41-50세","22시-24시","9월",5,266
"41-50세","22시-24시","10월",4,393
"41-50세","22시-24시","11월",6,303
"41-50세","22시-24시","12월",5,266
"51-60세","00시-02시","전체",31,1361
"51-60세","00시-02시","1월",1,79
"51-60세","00시-02시","2월",2,77
"51-60세","00시-02시","3월",2,127
"51-60세","00시-02시","4월",6,139
"51-60세","00시-02시","5월",2,131
"51-60세","00시-02시","6월",2,109
"51-60세","00시-02시","7월",1,145
"51-60세","00시-02시","8월",3,91
"51-60세","00시-02시","9월",2,86
"51-60세","00시-02시","10월",3,105
"51-60세","00시-02시","11월",5,163
"51-60세","00시-02시","12월",2,109
"51-60세","02시-04시","전체",22,632
"51-60세","02시-04시","1월",0,30
"51-60세","02시-04시","2월",2,39
"51-60세","02시-04시","3월",1,48
"51-60세","02시-04시","4월",0,59
"51-60세","02시-04시","5월",4,81
"51-60세","02시-04시","6월",2,67
"51-60세","02시-04시","7월",3,54
"51-60세","02시-04시","8월",2,35
"51-60세","02시-04시","9월",4,40
"51-60세","02시-04시","10월",0,36
"51-60세","02시-04시","11월",2,93
"51-60세","02시-04시","12월",2,50
"51-60세","04시-06시","전체",17,1068
"51-60세","04시-06시","1월",1,81
"51-60세","04시-06시","2월",1,73
"51-60세","04시-06시","3월",1,107
"51-60세","04시-06시","4월",0,78
"51-60세","04시-06시","5월",3,98
"51-60세","04시-06시","6월",1,91
"51-60세","04시-06시","7월",0,79
"51-60세","04시-06시","8월",2,73
"51-60세","04시-06시","9월",3,83
"51-60세","04시-06시","10월",2,104
"51-60세","04시-06시","11월",1,115
"51-60세","04시-06시","12월",2,86
"51-60세","06시-08시","전체",36,3223
"51-60세","06시-08시","1월",4,236
"51-60세","06시-08시","2월",4,224
"51-60세","06시-08시","3월",2,309
"51-60세","06시-08시","4월",2,267
"51-60세","06시-08시","5월",4,256
"51-60세","06시-08시","6월",5,293
"51-60세","06시-08시","7월",1,257
"51-60세","06시-08시","8월",1,219
"51-60세","06시-08시","9월",0,245
"51-60세","06시-08시","10월",2,255
"51-60세","06시-08시","11월",4,323
"51-60세","06시-08시","12월",7,339
"51-60세","08시-10시","전체",28,5091
"51-60세","08시-10시","1월",2,342
"51-60세","08시-10시","2월",6,339
"51-60세","08시-10시","3월",0,450
"51-60세","08시-10시","4월",4,455
"51-60세","08시-10시","5월",0,414
"51-60세","08시-10시","6월",3,499
"51-60세","08시-10시","7월",2,456
"51-60세","08시-10시","8월",4,418
"51-60세","08시-10시","9월",0,407
"51-60세","08시-10시","10월",0,445
"51-60세","08시-10시","11월",2,465
"51-60세","08시-10시","12월",5,401
"51-60세","10시-12시","전체",42,5552
"51-60세","10시-12시","1월",2,389
"51-60세","10시-12시","2월",3,404
"51-60세","10시-12시","3월",7,464
"51-60세","10시-12시","4월",6,475
"51-60세","10시-12시","5월",6,426
"51-60세","10시-12시","6월",3,527
"51-60세","10시-12시","7월",3,573
"51-60세","10시-12시","8월",2,463
"51-60세","10시-12시","9월",4,461
"51-60세","10시-12시","10월",2,510
"51-60세","10시-12시","11월",0,453
"51-60세","10시-12시","12월",4,407
"51-60세","12시-14시","전체",34,6189
"51-60세","12시-14시","1월",2,486
"51-60세","12시-14시","2월",4,457
"51-60세","12시-14시","3월",3,484
"51-60세","12시-14시","4월",0,495
"51-60세","12시-14시","5월",5,573
"51-60세","12시-14시","6월",2,542
"51-60세","12시-14시","7월",4,568
"51-60세","12시-14시","8월",3,578
"51-60세","12시-14시","9월",4,488
"51-60세","12시-14시","10월",4,549
"51-60세","12시-14시","11월",1,483
"51-60세","12시-14시","12월",2,486
"51-60세","14시-16시","전체",46,6418
"51-60세","14시-16시","1월",2,507
"51-60세","14시-16시","2월",2,496
"51-60세","14시-16시","3월",4,572
"51-60세","14시-16시","4월",4,548
"51-60세","14시-16시","5월",3,532
"51-60세","14시-16시","6월",5,563
"51-60세","14시-16시","7월",4,524
"51-60세","14시-16시","8월",6,567
"51-60세","14시-16시","9월",6,541
"51-60세","14시-16시","10월",3,540
"51-60세","14시-16시","11월",3,529
"51-60세","14시-16시","12월",4,499
"51-60세","16시-18시","전체",41,6994
"51-60세","16시-18시","1월",6,450
"51-60세","16시-18시","2월",2,507
"51-60세","16시-18시","3월",3,582
"51-60세","16시-18시","4월",7,583
"51-60세","16시-18시","5월",2,594
"51-60세","16시-18시","6월",1,662
"51-60세","16시-18시","7월",4,585
"51-60세","16시-18시","8월",2,582
"51-60세","16시-18시","9월",7,609
"51-60세","16시-18시","10월",3,603
"51-60세","16시-18시","11월",1,656
"51-60세","16시-18시","12월",3,581
"51-60세","18시-20시","전체",58,6848
"51-60세","18시-20시","1월",8,611
"51-60세","18시-20시","2월",7,513
"51-60세","18시-20시","3월",6,529
"51-60세","18시-20시","4월",5,552
"51-60세","18시-20시","5월",3,482
"51-60세","18시-20시","6월",3,491
"51-60세","18시-20시","7월",2,528
"51-60세","18시-20시","8월",3,498
"51-60세","18시-20시","9월",5,525
"51-60세","18시-20시","10월",8,763
"51-60세","18시-20시","11월",4,719
"51-60세","18시-20시","12월",4,637
"51-60세","20시-22시","전체",55,4928
"51-60세","20시-22시","1월",8,460
"51-60세","20시-22시","2월",2,411
"51-60세","20시-22시","3월",3,386
"51-60세","20시-22시","4월",3,377
"51-60세","20시-22시","5월",7,413
"51-60세","20시-22시","6월",5,424
"51-60세","20시-22시","7월",4,436
"51-60세","20시-22시","8월",7,428
"51-60세","20시-22시","9월",2,407
"51-60세","20시-22시","10월",6,413
"51-60세","20시-22시","11월",2,371
"51-60세","20시-22시","12월",6,402
"51-60세","22시-24시","전체",60,3442
"51-60세","22시-24시","1월",2,190
"51-60세","22시-24시","2월",7,279
"51-60세","22시-24시","3월",5,323
"51-60세","22시-24시","4월",3,332
"51-60세","22시-24시","5월",5,318
"51-60세","22시-24시","6월",5,308
"51-60세","22시-24시","7월",7,287
"51-60세","22시-24시","8월",7,231
"51-60세","22시-24시","9월",4,310
"51-60세","22시-24시","10월",6,342
"51-60세","22시-24시","11월",4,254
"51-60세","22시-24시","12월",5,268
"61-64세","00시-02시","전체",10,463
"61-64세","00시-02시","1월",1,25
"61-64세","00시-02시","2월",1,33
"61-64세","00시-02시","3월",1,48
"61-64세","00시-02시","4월",1,45
"61-64세","00시-02시","5월",1,42
"61-64세","00시-02시","6월",3,32
"61-64세","00시-02시","7월",0,43
"61-64세","00시-02시","8월",0,18
"61-64세","00시-02시","9월",0,37
"61-64세","00시-02시","10월",0,34
"61-64세","00시-02시","11월",1,57
"61-64세","00시-02시","12월",1,49
"61-64세","02시-04시","전체",4,193
"61-64세","02시-04시","1월",0,16
"61-64세","02시-04시","2월",0,13
"61-64세","02시-04시","3월",0,15
"61-64세","02시-04시","4월",0,22
"61-64세","02시-04시","5월",0,29
"61-64세","02시-04시","6월",1,11
"61-64세","02시-04시","7월",2,13
"61-64세","02시-04시","8월",0,12
"61-64세","02시-04시","9월",0,18
"61-64세","02시-04시","10월",0,5
"61-64세","02시-04시","11월",0,20
"61-64세","02시-04시","12월",1,19
"61-64세","04시-06시","전체",15,428
"61-64세","04시-06시","1월",3,30
"61-64세","04시-06시","2월",0,22
"61-64세","04시-06시","3월",2,35
"61-64세","04시-06시","4월",3,25
"61-64세","04시-06시","5월",1,36
"61-64세","04시-06시","6월",0,27
"61-64세","04시-06시","7월",0,36
"61-64세","04시-06시","8월",1,37
"61-64세","04시-06시","9월",2,42
"61-64세","04시-06시","10월",0,53
"61-64세","04시-06시","11월",3,48
"61-64세","04시-06시","12월",0,37
"61-64세","06시-08시","전체",19,1236
"61-64세","06시-08시","1월",1,84
"61-64세","06시-08시","2월",1,79
"61-64세","06시-08시","3월",1,98
"61-64세","06시-08시","4월",2,101
"61-64세","06시-08시","5월",2,111
"61-64세","06시-08시","6월",1,96
"61-64세","06시-08시","7월",1,105
"61-64세","06시-08시","8월",0,86
"61-64세","06시-08시","9월",1,115
"61-64세","06시-08시","10월",3,114
"61-64세","06시-08시","11월",4,134
"61-64세","06시-08시","12월",2,113
"61-64세","08시-10시","전체",16,1837
"61-64세","08시-10시","1월",3,110
"61-64세","08시-10시","2월",0,111
"61-64세","08시-10시","3월",2,144
"61-64세","08시-10시","4월",0,171
"61-64세","08시-10시","5월",1,168
"61-64세","08시-10시","6월",2,170
"61-64세","08시-10시","7월",2,173
"61-64세","08시-10시","8월",3,154
"61-64세","08시-10시","9월",1,159
"61-64세","08시-10시","10월",0,172
"61-64세","08시-10시","11월",2,164
"61-64세","08시-10시","12월",0,141
"61-64세","10시-12시","전체",20,2256
"61-64세","10시-12시","1월",2,169
"61-64세","10시-12시","2월",1,149
"61-64세","10시-12시","3월",3,177
"61-64세","10시-12시","4월",0,200
"61-64세","10시-12시","5월",2,199
"61-64세","10시-12시","6월",0,200
"61-64세","10시-12시","7월",1,219
"61-64세","10시-12시","8월",2,196
"61-64세","10시-12시","9월",4,189
"61-64세","10시-12시","10월",2,194
"61-64세","10시-12시","11월",2,187
"61-64세","10시-12시","12월",1,177
"61-64세","12시-14시","전체",22,2300
"61-64세","12시-14시","1월",1,152
"61-64세","12시-14시","2월",0,189
"61-64세","12시-14시","3월",2,193
"61-64세","12시-14시","4월",3,202
"61-64세","12시-14시","5월",2,196
"61-64세","12시-14시","6월",2,196
"61-64세","12시-14시","7월",1,195
"61-64세","12시-14시","8월",3,215
"61-64세","12시-14시","9월",4,192
"61-64세","12시-14시","10월",2,202
"61-64세","12시-14시","11월",0,181
"61-64세","12시-14시","12월",2,187
"61-64세","14시-16시","전체",20,2525
"61-64세","14시-16시","1월",2,189
"61-64세","14시-16시","2월",0,194
"61-64세","14시-16시","3월",2,205
"61-64세","14시-16시","4월",4,217
"61-64세","14시-16시","5월",1,229
"61-64세","14시-16시","6월",1,226
"61-64세","14시-16시","7월",1,220
"61-64세","14시-16시","8월",0,228
"61-64세","14시-16시","9월",1,206
"61-64세","14시-16시","10월",3,232
"61-64세","14시-16시","11월",3,213
"61-64세","14시-16시","12월",2,166
"61-64세","16시-18시","전체",20,2590
"61-64세","16시-18시","1월",0,142
"61-64세","16시-18시","2월",1,165
"61-64세","16시-18시","3월",2,197
"61-64세","16시-18시","4월",1,252
"61-64세","16시-18시","5월",1,216
"61-64세","16시-18시","6월",1,250
"61-64세","16시-18시","7월",1,193
"61-64세","16시-18시","8월",4,209
"61-64세","16시-18시","9월",2,221
"61-64세","16시-18시","10월",3,234
"61-64세","16시-18시","11월",3,298
"61-64세","16시-18시","12월",1,213
"61-64세","18시-20시","전체",37,2323
"61-64세","18시-20시","1월",2,186
"61-64세","18시-20시","2월",2,170
"61-64세","18시-20시","3월",3,195
"61-64세","18시-20시","4월",2,177
"61-64세","18시-20시","5월",2,168
"61-64세","18시-20시","6월",0,198
"61-64세","18시-20시","7월",3,158
"61-64세","18시-20시","8월",4,149
"61-64세","18시-20시","9월",6,198
"61-64세","18시-20시","10월",4,260
"61-64세","18시-20시","11월",4,243
"61-64세","18시-20시","12월",5,221
"61-64세","20시-22시","전체",29,1464
"61-64세","20시-22시","1월",1,134
"61-64세","20시-22시","2월",6,108
"61-64세","20시-22시","3월",0,114
"61-64세","20시-22시","4월",5,123
"61-64세","20시-22시","5월",0,134
"61-64세","20시-22시","6월",2,118
"61-64세","20시-22시","7월",3,133
"61-64세","20시-22시","8월",3,144
"61-64세","20시-22시","9월",2,114
"61-64세","20시-22시","10월",6,110
"61-64세","20시-22시","11월",1,108
"61-64세","20시-22시","12월",0,124
"61-64세","22시-24시","전체",17,985
"61-64세","22시-24시","1월",2,47
"61-64세","22시-24시","2월",1,82
"61-64세","22시-24시","3월",1,92
"61-64세","22시-24시","4월",1,83
"61-64세","22시-24시","5월",1,110
"61-64세","22시-24시","6월",1,89
"61-64세","22시-24시","7월",2,94
"61-64세","22시-24시","8월",2,66
"61-64세","22시-24시","9월",0,77
"61-64세","22시-24시","10월",3,83
"61-64세","22시-24시","11월",1,77
"61-64세","22시-24시","12월",2,85
"65-70세","00시-02시","전체",12,292
"65-70세","00시-02시","1월",1,14
"65-70세","00시-02시","2월",0,16
"65-70세","00시-02시","3월",0,19
"65-70세","00시-02시","4월",1,26
"65-70세","00시-02시","5월",3,26
"65-70세","00시-02시","6월",0,29
"65-70세","00시-02시","7월",4,25
"65-70세","00시-02시","8월",1,9
"65-70세","00시-02시","9월",1,31
"65-70세","00시-02시","10월",1,27
"65-70세","00시-02시","11월",0,39
"65-70세","00시-02시","12월",0,31
"65-70세","02시-04시","전체",1,157
"65-70세","02시-04시","1월",1,7
"65-70세","02시-04시","2월",0,8
"65-70세","02시-04시","3월",0,16
"65-70세","02시-04시","4월",0,13
"65-70세","02시-04시","5월",0,21
"65-70세","02시-04시","6월",0,7
"65-70세","02시-04시","7월",0,18
"65-70세","02시-04시","8월",0,12
"65-70세","02시-04시","9월",0,16
"65-70세","02시-04시","10월",0,7
"65-70세","02시-04시","11월",0,23
"65-70세","02시-04시","12월",0,9
"65-70세","04시-06시","전체",18,490
"65-70세","04시-06시","1월",0,28
"65-70세","04시-06시","2월",1,39
"65-70세","04시-06시","3월",2,40
"65-70세","04시-06시","4월",1,45
"65-70세","04시-06시","5월",1,32
"65-70세","04시-06시","6월",0,35
"65-70세","04시-06시","7월",2,46
"65-70세","04시-06시","8월",2,40
"65-70세","04시-06시","9월",2,39
"65-70세","04시-06시","10월",3,52
"65-70세","04시-06시","11월",2,47
"65-70세","04시-06시","12월",2,47
"65-70세","06시-08시","전체",30,1279
"65-70세","06시-08시","1월",2,84
"65-70세","06시-08시","2월",4,87
"65-70세","06시-08시","3월",1,87
"65-70세","06시-08시","4월",1,101
"65-70세","06시-08시","5월",3,123
"65-70세","06시-08시","6월",3,87
"65-70세","06시-08시","7월",2,107
"65-70세","06시-08시","8월",1,92
"65-70세","06시-08시","9월",0,108
"65-70세","06시-08시","10월",2,118
"65-70세","06시-08시","11월",5,158
"65-70세","06시-08시","12월",6,127
"65-70세","08시-10시","전체",23,1904
"65-70세","08시-10시","1월",2,118
"65-70세","08시-10시","2월",0,124
"65-70세","08시-10시","3월",2,165
"65-70세","08시-10시","4월",4,173
"65-70세","08시-10시","5월",0,181
"65-70세","08시-10시","6월",5,175
"65-70세","08시-10시","7월",3,179
"65-70세","08시-10시","8월",0,126
"65-70세","08시-10시","9월",3,189
"65-70세","08시-10시","10월",2,192
"65-70세","08시-10시","11월",1,135
"65-70세","08시-10시","12월",1,147
"65-70세","10시-12시","전체",44,2498
"65-70세","10시-12시","1월",3,178
"65-70세","10시-12시","2월",2,151
"65-70세","10시-12시","3월",4,194
"65-70세","10시-12시","4월",3,210
"65-70세","10시-12시","5월",3,195
"65-70세","10시-12시","6월",5,222
"65-70세","10시-12시","7월",2,265
"65-70세","10시-12시","8월",4,198
"65-70세","10시-12시","9월",4,228
"65-70세","10시-12시","10월",4,242
"65-70세","10시-12시","11월",4,240
"65-70세","10시-12시","12월",6,175
"65-70세","12시-14시","전체",42,2376
"65-70세","12시-14시","1월",0,158
"65-70세","12시-14시","2월",2,153
"65-70세","12시-14시","3월",5,212
"65-70세","12시-14시","4월",3,218
"65-70세","12시-14시","5월",5,234
"65-70세","12시-14시","6월",2,223
"65-70세","12시-14시","7월",6,200
"65-70세","12시-14시","8월",2,203
"65-70세","12시-14시","9월",5,196
"65-70세","12시-14시","10월",4,198
"65-70세","12시-14시","11월",4,219
"65-70세","12시-14시","12월",4,162
"65-70세","14시-16시","전체",41,2559
"65-70세","14시-16시","1월",4,189
"65-70세","14시-16시","2월",1,189
"65-70세","14시-16시","3월",1,226
"65-70세","14시-16시","4월",5,215
"65-70세","14시-16시","5월",4,234
"65-70세","14시-16시","6월",4,232
"65-70세","14시-16시","7월",4,197
"65-70세","14시-16시","8월",5,197
"65-70세","14시-16시","9월",2,215
"65-70세","14시-16시","10월",6,246
"65-70세","14시-16시","11월",2,244
"65-70세","14시-16시","12월",3,175
"65-70세","16시-18시","전체",30,2488
"65-70세","16시-18시","1월",3,161
"65-70세","16시-18시","2월",1,154
"65-70세","16시-18시","3월",1,183
"65-70세","16시-18시","4월",2,230
"65-70세","16시-18시","5월",2,236
"65-70세","16시-18시","6월",3,244
"65-70세","16시-18시","7월",3,206
"65-70세","16시-18시","8월",1,186
"65-70세","16시-18시","9월",4,222
"65-70세","16시-18시","10월",1,238
"65-70세","16시-18시","11월",3,238
"65-70세","16시-18시","12월",6,190
"65-70세","18시-20시","전체",39,2083
"65-70세","18시-20시","1월",5,179
"65-70세","18시-20시","2월",7,137
"65-70세","18시-20시","3월",1,165
"65-70세","18시-20시","4월",1,169
"65-70세","18시-20시","5월",0,163
"65-70세","18시-20시","6월",4,164
"65-70세","18시-20시","7월",2,151
"65-70세","18시-20시","8월",1,136
"65-70세","18시-20시","9월",6,186
"65-70세","18시-20시","10월",2,241
"65-70세","18시-20시","11월",4,200
"65-70세","18시-20시","12월",6,192
"65-70세","20시-22시","전체",25,1183
"65-70세","20시-22시","1월",2,100
"65-70세","20시-22시","2월",0,98
"65-70세","20시-22시","3월",2,97
"65-70세","20시-22시","4월",5,113
"65-70세","20시-22시","5월",0,119
"65-70세","20시-22시","6월",1,100
"65-70세","20시-22시","7월",1,101
"65-70세","20시-22시","8월",2,95
"65-70세","20시-22시","9월",5,78
"65-70세","20시-22시","10월",1,89
"65-70세","20시-22시","11월",5,87
"65-70세","20시-22시","12월",1,106
"65-70세","22시-24시","전체",14,688
"65-70세","22시-24시","1월",1,33
"65-70세","22시-24시","2월",0,54
"65-70세","22시-24시","3월",0,63
"65-70세","22시-24시","4월",0,58
"65-70세","22시-24시","5월",1,48
"65-70세","22시-24시","6월",3,64
"65-70세","22시-24시","7월",0,63
"65-70세","22시-24시","8월",0,52
"65-70세","22시-24시","9월",2,70
"65-70세","22시-24시","10월",4,75
"65-70세","22시-24시","11월",3,53
"65-70세","22시-24시","12월",0,55
"71세이상","00시-02시","전체",12,134
"71세이상","00시-02시","1월",0,13
"71세이상","00시-02시","2월",1,7
"71세이상","00시-02시","3월",0,11
"71세이상","00시-02시","4월",0,11
"71세이상","00시-02시","5월",3,11
"71세이상","00시-02시","6월",2,13
"71세이상","00시-02시","7월",3,8
"71세이상","00시-02시","8월",1,8
"71세이상","00시-02시","9월",1,13
"71세이상","00시-02시","10월",0,18
"71세이상","00시-02시","11월",1,15
"71세이상","00시-02시","12월",0,6
"71세이상","02시-04시","전체",17,88
"71세이상","02시-04시","1월",2,8
"71세이상","02시-04시","2월",0,2
"71세이상","02시-04시","3월",1,13
"71세이상","02시-04시","4월",0,10
"71세이상","02시-04시","5월",3,10
"71세이상","02시-04시","6월",0,8
"71세이상","02시-04시","7월",3,11
"71세이상","02시-04시","8월",1,5
"71세이상","02시-04시","9월",1,4
"71세이상","02시-04시","10월",2,6
"71세이상","02시-04시","11월",3,5
"71세이상","02시-04시","12월",1,6
"71세이상","04시-06시","전체",71,459
"71세이상","04시-06시","1월",3,16
"71세이상","04시-06시","2월",5,22
"71세이상","04시-06시","3월",8,38
"71세이상","04시-06시","4월",3,21
"71세이상","04시-06시","5월",4,39
"71세이상","04시-06시","6월",3,33
"71세이상","04시-06시","7월",8,71
"71세이상","04시-06시","8월",8,51
"71세이상","04시-06시","9월",9,49
"71세이상","04시-06시","10월",8,50
"71세이상","04시-06시","11월",9,39
"71세이상","04시-06시","12월",3,30
"71세이상","06시-08시","전체",105,1272
"71세이상","06시-08시","1월",12,91
"71세이상","06시-08시","2월",3,67
"71세이상","06시-08시","3월",6,85
"71세이상","06시-08시","4월",4,109
"71세이상","06시-08시","5월",4,104
"71세이상","06시-08시","6월",8,111
"71세이상","06시-08시","7월",11,131
"71세이상","06시-08시","8월",7,112
"71세이상","06시-08시","9월",7,78
"71세이상","06시-08시","10월",14,124
"71세이상","06시-08시","11월",17,142
"71세이상","06시-08시","12월",12,118
"71세이상","08시-10시","전체",123,2625
"71세이상","08시-10시","1월",4,132
"71세이상","08시-10시","2월",8,159
"71세이상","08시-10시","3월",8,205
"71세이상","08시-10시","4월",6,238
"71세이상","08시-10시","5월",15,226
"71세이상","08시-10시","6월",9,238
"71세이상","08시-10시","7월",18,278
"71세이상","08시-10시","8월",13,223
"71세이상","08시-10시","9월",10,242
"71세이상","08시-10시","10월",10,283
"71세이상","08시-10시","11월",13,221
"71세이상","08시-10시","12월",9,180
"71세이상","10시-12시","전체",130,3517
"71세이상","10시-12시","1월",4,209
"71세이상","10시-12시","2월",9,218
"71세이상","10시-12시","3월",12,282
"71세이상","10시-12시","4월",11,329
"71세이상","10시-12시","5월",12,267
"71세이상","10시-12시","6월",11,322
"71세이상","10시-12시","7월",15,329
"71세이상","10시-12시","8월",8,274
"71세이상","10시-12시","9월",13,337
"71세이상","10시-12시","10월",13,363
"71세이상","10시-12시","11월",13,349
"71세이상","10시-12시","12월",9,238
"71세이상","12시-14시","전체",129,3060
"71세이상","12시-14시","1월",7,187
"71세이상","12시-14시","2월",13,202
"71세이상","12시-14시","3월",15,228
"71세이상","12시-14시","4월",8,286
"71세이상","12시-14시","5월",21,266
"71세이상","12시-14시","6월",9,283
"71세이상","12시-14시","7월",4,225
"71세이상","12시-14시","8월",7,262
"71세이상","12시-14시","9월",6,282
"71세이상","12시-14시","10월",14,295
"71세이상","12시-14시","11월",17,299
"71세이상","12시-14시","12월",8,245
"71세이상","14시-16시","전체",108,3131
"71세이상","14시-16시","1월",9,223
"71세이상","14시-16시","2월",8,242
"71세이상","14시-16시","3월",11,271
"71세이상","14시-16시","4월",2,296
"71세이상","14시-16시","5월",12,256
"71세이상","14시-16시","6월",8,305
"71세이상","14시-16시","7월",10,203
"71세이상","14시-16시","8월",8,254
"71세이상","14시-16시","9월",7,261
"71세이상","14시-16시","10월",16,302
"71세이상","14시-16시","11월",11,266
"71세이상","14시-16시","12월",6,252
"71세이상","16시-18시","전체",102,2810
"71세이상","16시-18시","1월",4,166
"71세이상","16시-18시","2월",3,160
"71세이상","16시-18시","3월",11,205
"71세이상","16시-18시","4월",7,251
"71세이상","16시-18시","5월",12,282
"71세이상","16시-18시","6월",7,228
"71세이상","16시-18시","7월",6,261
"71세이상","16시-18시","8월",11,236
"71세이상","16시-18시","9월",9,282
"71세이상","16시-18시","10월",8,266
"71세이상","16시-18시","11월",11,286
"71세이상","16시-18시","12월",13,187
"71세이상","18시-20시","전체",111,1846
"71세이상","18시-20시","1월",9,126
"71세이상","18시-20시","2월",6,124
"71세이상","18시-20시","3월",7,155
"71세이상","18시-20시","4월",5,135
"71세이상","18시-20시","5월",7,143
"71세이상","18시-20시","6월",5,153
"71세이상","18시-20시","7월",9,133
"71세이상","18시-20시","8월",6,158
"71세이상","18시-20시","9월",5,160
"71세이상","18시-20시","10월",28,208
"71세이상","18시-20시","11월",11,202
"71세이상","18시-20시","12월",13,149
"71세이상","20시-22시","전체",47,667
"71세이상","20시-22시","1월",2,42
"71세이상","20시-22시","2월",3,41
"71세이상","20시-22시","3월",1,52
"71세이상","20시-22시","4월",3,49
"71세이상","20시-22시","5월",3,71
"71세이상","20시-22시","6월",6,66
"71세이상","20시-22시","7월",15,82
"71세이상","20시-22시","8월",5,68
"71세이상","20시-22시","9월",2,56
"71세이상","20시-22시","10월",4,48
"71세이상","20시-22시","11월",0,47
"71세이상","20시-22시","12월",3,45
"71세이상","22시-24시","전체",21,288
"71세이상","22시-24시","1월",2,20
"71세이상","22시-24시","2월",1,19
"71세이상","22시-24시","3월",4,22
"71세이상","22시-24시","4월",1,20
"71세이상","22시-24시","5월",2,26
"71세이상","22시-24시","6월",2,29
"71세이상","22시-24시","7월",1,24
"71세이상","22시-24시","8월",1,26
"71세이상","22시-24시","9월",2,22
"71세이상","22시-24시","10월",3,33
"71세이상","22시-24시","11월",2,26
"71세이상","22시-24시","12월",0,21
"불명","00시-02시","전체",0,0
"불명","00시-02시","1월",0,0
"불명","00시-02시","2월",0,0
"불명","00시-02시","3월",0,0
"불명","00시-02시","4월",0,0
"불명","00시-02시","5월",0,0
"불명","00시-02시","6월",0,0
"불명","00시-02시","7월",0,0
"불명","00시-02시","8월",0,0
"불명","00시-02시","9월",0,0
"불명","00시-02시","10월",0,0
"불명","00시-02시","11월",0,0
"불명","00시-02시","12월",0,0
"불명","02시-04시","전체",0,1
"불명","02시-04시","1월",0,0
"불명","02시-04시","2월",0,0
"불명","02시-04시","3월",0,0
"불명","02시-04시","4월",0,0
"불명","02시-04시","5월",0,0
"불명","02시-04시","6월",0,0
"불명","02시-04시","7월",0,1
"불명","02시-04시","8월",0,0
"불명","02시-04시","9월",0,0
"불명","02시-04시","10월",0,0
"불명","02시-04시","11월",0,0
"불명","02시-04시","12월",0,0
"불명","04시-06시","전체",0,3
"불명","04시-06시","1월",0,0
"불명","04시-06시","2월",0,0
"불명","04시-06시","3월",0,0
"불명","04시-06시","4월",0,0
"불명","04시-06시","5월",0,0
"불명","04시-06시","6월",0,0
"불명","04시-06시","7월",0,0
"불명","04시-06시","8월",0,0
"불명","04시-06시","9월",0,1
"불명","04시-06시","10월",0,0
"불명","04시-06시","11월",0,2
"불명","04시-06시","12월",0,0
"불명","06시-08시","전체",0,1
"불명","06시-08시","1월",0,0
"불명","06시-08시","2월",0,0
"불명","06시-08시","3월",0,0
"불명","06시-08시","4월",0,0
"불명","06시-08시","5월",0,0
"불명","06시-08시","6월",0,0
"불명","06시-08시","7월",0,0
"불명","06시-08시","8월",0,0
"불명","06시-08시","9월",0,0
"불명","06시-08시","10월",0,0
"불명","06시-08시","11월",0,1
"불명","06시-08시","12월",0,0
"불명","08시-10시","전체",0,4
"불명","08시-10시","1월",0,0
"불명","08시-10시","2월",0,0
"불명","08시-10시","3월",0,0
"불명","08시-10시","4월",0,0
"불명","08시-10시","5월",0,1
"불명","08시-10시","6월",0,0
"불명","08시-10시","7월",0,1
"불명","08시-10시","8월",0,0
"불명","08시-10시","9월",0,1
"불명","08시-10시","10월",0,1
"불명","08시-10시","11월",0,0
"불명","08시-10시","12월",0,0
"불명","10시-12시","전체",0,5
"불명","10시-12시","1월",0,0
"불명","10시-12시","2월",0,0
"불명","10시-12시","3월",0,0
"불명","10시-12시","4월",0,0
"불명","10시-12시","5월",0,0
"불명","10시-12시","6월",0,1
"불명","10시-12시","7월",0,3
"불명","10시-12시","8월",0,1
"불명","10시-12시","9월",0,0
"불명","10시-12시","10월",0,0
"불명","10시-12시","11월",0,0
"불명","10시-12시","12월",0,0
"불명","12시-14시","전체",0,1
"불명","12시-14시","1월",0,0
"불명","12시-14시","2월",0,0
"불명","12시-14시","3월",0,0
"불명","12시-14시","4월",0,0
"불명","12시-14시","5월",0,0
"불명","12시-14시","6월",0,0
"불명","12시-14시","7월",0,0
"불명","12시-14시","8월",0,0
"불명","12시-14시","9월",0,0
"불명","12시-14시","10월",0,1
"불명","12시-14시","11월",0,0
"불명","12시-14시","12월",0,0
"불명","14시-16시","전체",0,5
"불명","14시-16시","1월",0,0
"불명","14시-16시","2월",0,0
"불명","14시-16시","3월",0,0
"불명","14시-16시","4월",0,0
"불명","14시-16시","5월",0,0
"불명","14시-16시","6월",0,0
"불명","14시-16시","7월",0,0
"불명","14시-16시","8월",0,0
"불명","14시-16시","9월",0,1
"불명","14시-16시","10월",0,2
"불명","14시-16시","11월",0,1
"불명","14시-16시","12월",0,1
"불명","16시-18시","전체",0,4
"불명","16시-18시","1월",0,0
"불명","16시-18시","2월",0,0
"불명","16시-18시","3월",0,0
"불명","16시-18시","4월",0,0
"불명","16시-18시","5월",0,0
"불명","16시-18시","6월",0,0
"불명","16시-18시","7월",0,0
"불명","16시-18시","8월",0,0
"불명","16시-18시","9월",0,0
"불명","16시-18시","10월",0,3
"불명","16시-18시","11월",0,0
"불명","16시-18시","12월",0,1
"불명","18시-20시","전체",0,4
"불명","18시-20시","1월",0,0
"불명","18시-20시","2월",0,0
"불명","18시-20시","3월",0,0
"불명","18시-20시","4월",0,0
"불명","18시-20시","5월",0,1
"불명","18시-20시","6월",0,0
"불명","18시-20시","7월",0,0
"불명","18시-20시","8월",0,0
"불명","18시-20시","9월",0,1
"불명","18시-20시","10월",0,0
"불명","18시-20시","11월",0,1
"불명","18시-20시","12월",0,1
"불명","20시-22시","전체",0,4
"불명","20시-22시","1월",0,0
"불명","20시-22시","2월",0,0
"불명","20시-22시","3월",0,0
"불명","20시-22시","4월",0,0
"불명","20시-22시","5월",0,0
"불명","20시-22시","6월",0,0
"불명","20시-22시","7월",0,3
"불명","20시-22시","8월",0,0
"불명","20시-22시","9월",0,1
"불명","20시-22시","10월",0,0
"불명","20시-22시","11월",0,0
"불명","20시-22시","12월",0,0
"불명","22시-24시","전체",0,4
"불명","22시-24시","1월",0,0
"불명","22시-24시","2월",0,0
"불명","22시-24시","3월",0,0
"불명","22시-24시","4월",0,0
"불명","22시-24시","5월",0,0
"불명","22시-24시","6월",0,1
"불명","22시-24시","7월",0,0
"불명","22시-24시","8월",0,2
"불명","22시-24시","9월",0,1
"불명","22시-24시","10월",0,0
"불명","22시-24시","11월",0,0
"불명","22시-24시","12월",0,0
